passenger_id,passenger_name,passenger_origin,passenger_destination,passenger_time,driver_id,driver_name,driver_origin,driver_destination,driver_time,driver_vehicle_type,driver_seats_available,match_score,match_category
P005,Tina Foster,London Bridge,Waterloo,09:00,D011,Sarah Hammond,King's Cross,Waterloo,09:00,Hybrid,2,89.08,Excellent match
P008,Sarah Reed-Walsh,Hackney,Lewisham,07:15,D002,Philip Clarke,Hackney,Greenwich,08:45,Hybrid,2,61.29,Good match
P010,Dr Lee Green,Westminster,Southwark,09:00,D011,Sarah Hammond,King's Cross,Waterloo,09:00,Hybrid,2,82.65,Excellent match
P014,Mrs Julia Harris,Canary Wharf,Bank,07:30,D005,Kayleigh Mitchell,Wimbledon,London Bridge,07:30,Diesel,1,62.46,Good match
P015,Dylan Young,Hackney,Croydon,09:30,D009,Charlotte Haynes,Shoreditch,Chelsea,09:30,Hybrid,4,61.08,Good match
P019,Miss Carole Woods,Victoria,Waterloo,09:15,D011,Sarah Hammond,King's Cross,Waterloo,09:00,Hybrid,2,69.8,Good match
P019,Miss Carole Woods,Victoria,Waterloo,09:15,D004,Leon Davison,Tottenham,London Bridge,09:15,Petrol,2,60.24,Good match
P026,Mrs Pauline Fuller,London Bridge,Victoria,09:30,D009,Charlotte Haynes,Shoreditch,Chelsea,09:30,Hybrid,4,78.24,Good match
P027,Dr Marc Phillips,Wimbledon,London Bridge,07:15,D005,Kayleigh Mitchell,Wimbledon,London Bridge,07:30,Diesel,1,71.5,Good match
P033,Dr Paula Lloyd,King's Cross,Bank,07:15,D011,Sarah Hammond,King's Cross,Waterloo,09:00,Hybrid,2,62.95,Good match
P036,Bethan Oliver,Westminster,Paddington,08:45,D016,Gerard Jones,Chelsea,Clapham,08:45,Petrol,1,62.68,Good match
P036,Bethan Oliver,Westminster,Paddington,08:45,D018,Lydia Williams,Shoreditch,King's Cross,08:45,Petrol,4,62.6,Good match
P040,Bethan Young,Mile End,Westminster,09:00,D011,Sarah Hammond,King's Cross,Waterloo,09:00,Hybrid,2,73.21,Good match
P043,Wayne Page-Carter,Waterloo,Victoria,08:15,D013,Maria Bruce,King's Cross,Clapham,08:00,Hybrid,1,63.0,Good match
P046,Ms Kayleigh Watson,Victoria,Wimbledon,07:30,D020,Hazel Lambert,Victoria,Lewisham,07:30,Petrol,2,65.0,Good match
P049,Miss Alice Tomlinson,Brixton,Clapham,08:30,D016,Gerard Jones,Chelsea,Clapham,08:45,Petrol,1,63.29,Good match
